[
  {
    "id": 1,
    "title": ".NET Developer",
    "company": "Jairosoft Inc.",
    "location": "IT Park, Cebu Philippines",
    "employmentType": "Full Time",
    "minSalary": 30000,
    "maxSalary": 40000,
    "salaryType": "Monthly",
    "workLocation": "Remote",
    "industry": "Information Technology and Services",
    "appliedCount": 40,
    "jobDescription": "Lorem ipsum dolor sit amet, consectetur adipiscing elit. Duis in nibh pharetra sapien tristique scelerisque ut in sapien. Mauris fringilla augue in elit volutpat aliquet. Nam sit amet est in metus blandit auctor. Mauris cursus suscipit tempus. Morbi maximus tincidunt sagittis. Nam a nisl et elit vehicula rhoncus quis non nisl. Morbi hendrerit, tortor eget vulputate rhoncus, orci ante mollis purus, eu blandit nunc nisl vitae enim. Curabitur tincidunt sodales nunc, quis consequat lorem efficitur vel. Etiam et consequat nulla. Interdum et malesuada fames ac ante ipsum primis in faucibus. Maecenas vehicula nisi sed tortor bibendum ultrices. Phasellus congue condimentum leo vel fermentum. Etiam dignissim sapien vitae sodales maximus. Curabitur tempus condimentum ex, vitae pulvinar lacus aliquam in."
  },
  {
    "id": 2,
    "title": "Back End Developer",
    "company": "Jairosoft Inc.",
    "location": "IT Park, Cebu Philippines",
    "employmentType": "Full Time",
    "minSalary": 40000,
    "maxSalary": 45000,
    "salaryType": "Monthly",
    "workLocation": "Remote",
    "industry": "Information Technology and Services",
    "appliedCount": 30,
    "jobDescription": "Nulla ullamcorper massa eu aliquam consequat. Nullam vitae tellus et turpis pulvinar commodo. Donec vitae arcu a elit tincidunt varius. Sed a dictum augue. Ut erat massa, lacinia nec sem sit amet, molestie posuere est. Sed at lectus fermentum, dictum ex a, iaculis sem. Pellentesque suscipit lorem lectus, sed ornare lectus pellentesque ut. Fusce non mattis ante. Aliquam porttitor, metus quis tempus placerat, mi enim scelerisque justo, sit amet aliquam nibh odio at dui. Proin ac eros eu dui euismod vehicula et sed dolor. Lorem ipsum dolor sit amet, consectetur adipiscing elit. Aliquam iaculis neque eu ultrices rutrum. Maecenas volutpat aliquet neque a mollis. Suspendisse gravida et tellus vitae lacinia."
  },
  {
    "id": 3,
    "title": "CRM Developer",
    "company": "Jairosoft Inc.",
    "location": "IT Park, Cebu Philippines",
    "employmentType": "Full Time",
    "minSalary": 30000,
    "maxSalary": 40000,
    "salaryType": "Monthly",
    "workLocation": "Remote",
    "industry": "Information Technology and Services",
    "appliedCount": 20,
    "jobDescription": "Aliquam interdum justo ut bibendum pretium. Cras ultrices, ante et faucibus pharetra, eros erat semper erat, vitae pharetra dui sem ut urna. Sed nisi augue, varius eu placerat at, ultrices consectetur felis. Sed volutpat egestas nunc, sit amet condimentum ex tempor quis. Nulla mollis pulvinar dignissim. Vivamus vehicula purus sit amet dictum laoreet. Nulla a egestas elit. Nulla rhoncus mattis nulla, id tempor dui sagittis eu. Quisque et odio posuere magna gravida pretium. Nullam eget tristique massa. Nullam mollis, tortor a viverra malesuada, augue risus facilisis neque, rhoncus vehicula quam odio non ex. Donec consectetur est ornare erat venenatis tincidunt. Sed eu velit eu turpis placerat ultrices nec vitae nisl. Donec gravida laoreet urna vitae varius. Integer efficitur venenatis metus, et tempor augue."
  },
  {
    "id": 4,
    "title": "DevOps Engineer",
    "company": "Jairosoft Inc.",
    "location": "IT Park, Cebu Philippines",
    "employmentType": "Full Time",
    "minSalary": 40000,
    "maxSalary": 50000,
    "salaryType": "Monthly",
    "workLocation": "Remote",
    "industry": "Information Technology and Services",
    "appliedCount": 10,
    "jobDescription": "Proin euismod imperdiet aliquet. Curabitur vehicula tortor turpis, quis aliquet elit efficitur at. Donec feugiat et nunc eget vestibulum. Nullam et imperdiet felis. Morbi consectetur sem non elementum volutpat. Quisque condimentum volutpat ipsum, in congue lectus lobortis sit amet. Aliquam finibus rutrum sem volutpat malesuada. Class aptent taciti sociosqu ad litora torquent per conubia nostra, per inceptos himenaeos. Etiam suscipit efficitur nibh at dictum. Sed volutpat sed diam et luctus. Cras eu efficitur nibh. Lorem ipsum dolor sit amet, consectetur adipiscing elit. Aliquam erat volutpat. Donec non leo felis. Aenean consequat mauris molestie leo venenatis, id commodo ex ultrices. Aliquam facilisis lacus vitae turpis ultrices ultrices."
  },
  {
    "id": 5,
    "title": "Front End Developer",
    "company": "Jairosoft Inc.",
    "location": "IT Park, Cebu Philippines",
    "employmentType": "Full Time",
    "minSalary": 30000,
    "maxSalary": 40000,
    "salaryType": "Monthly",
    "workLocation": "Remote",
    "industry": "Information Technology and Services",
    "appliedCount": 20,
    "jobDescription": "Integer pharetra gravida auctor. Nam eros orci, semper eu sem consequat, finibus bibendum dolor. Vivamus molestie scelerisque varius. Quisque in leo vulputate, pretium quam sit amet, vehicula tellus. Aenean posuere lacus diam, quis condimentum enim tincidunt pellentesque. Praesent in aliquam diam. Etiam vel convallis risus. Sed mollis neque eget fringilla lacinia. Nullam massa nisl, mollis quis rutrum vehicula, dictum quis odio. Morbi bibendum hendrerit vestibulum. Pellentesque rhoncus eu lacus nec ornare."
  },
  {
    "id": 6,
    "title": "Full Stack Developer",
    "company": "Jairosoft Inc.",
    "location": "IT Park, Cebu Philippines",
    "employmentType": "Full Time",
    "minSalary": 50000,
    "maxSalary": 60000,
    "salaryType": "Monthly",
    "workLocation": "Remote",
    "industry": "Information Technology and Services",
    "appliedCount": 30,
    "jobDescription": "Integer pharetra gravida auctor. Nam eros orci, semper eu sem consequat, finibus bibendum dolor. Vivamus molestie scelerisque varius. Quisque in leo vulputate, pretium quam sit amet, vehicula tellus. Aenean posuere lacus diam, quis condimentum enim tincidunt pellentesque. Praesent in aliquam diam. Etiam vel convallis risus. Sed mollis neque eget fringilla lacinia. Nullam massa nisl, mollis quis rutrum vehicula, dictum quis odio. Morbi bibendum hendrerit vestibulum. Pellentesque rhoncus eu lacus nec ornare."
  },
  {
    "id": 7,
    "title": "Project Manager",
    "company": "Jairosoft Inc.",
    "location": "IT Park, Cebu Philippines",
    "employmentType": "Full Time",
    "minSalary": 50000,
    "maxSalary": 60000,
    "salaryType": "Monthly",
    "workLocation": "Remote",
    "industry": "Information Technology and Services",
    "appliedCount": 30,
    "jobDescription": "Integer pharetra gravida auctor. Nam eros orci, semper eu sem consequat, finibus bibendum dolor. Vivamus molestie scelerisque varius. Quisque in leo vulputate, pretium quam sit amet, vehicula tellus. Aenean posuere lacus diam, quis condimentum enim tincidunt pellentesque. Praesent in aliquam diam. Etiam vel convallis risus. Sed mollis neque eget fringilla lacinia. Nullam massa nisl, mollis quis rutrum vehicula, dictum quis odio. Morbi bibendum hendrerit vestibulum. Pellentesque rhoncus eu lacus nec ornare."
  },
  {
    "id": 8,
    "title": "Project Manager",
    "company": "Jairosoft Inc.",
    "location": "IT Park, Cebu Philippines",
    "employmentType": "Full Time",
    "minSalary": 50000,
    "maxSalary": 60000,
    "salaryType": "Monthly",
    "workLocation": "Remote",
    "industry": "Information Technology and Services",
    "appliedCount": 30,
    "jobDescription": "Integer pharetra gravida auctor. Nam eros orci, semper eu sem consequat, finibus bibendum dolor. Vivamus molestie scelerisque varius. Quisque in leo vulputate, pretium quam sit amet, vehicula tellus. Aenean posuere lacus diam, quis condimentum enim tincidunt pellentesque. Praesent in aliquam diam. Etiam vel convallis risus. Sed mollis neque eget fringilla lacinia. Nullam massa nisl, mollis quis rutrum vehicula, dictum quis odio. Morbi bibendum hendrerit vestibulum. Pellentesque rhoncus eu lacus nec ornare."
  },
  {
    "id": 9,
    "title": "UI/UX Designer",
    "company": "Jairosoft Inc.",
    "location": "IT Park, Cebu Philippines",
    "employmentType": "Full Time",
    "minSalary": 50000,
    "maxSalary": 60000,
    "salaryType": "Monthly",
    "workLocation": "Remote",
    "industry": "Information Technology and Services",
    "appliedCount": 30,
    "jobDescription": "Integer pharetra gravida auctor. Nam eros orci, semper eu sem consequat, finibus bibendum dolor. Vivamus molestie scelerisque varius. Quisque in leo vulputate, pretium quam sit amet, vehicula tellus. Aenean posuere lacus diam, quis condimentum enim tincidunt pellentesque. Praesent in aliquam diam. Etiam vel convallis risus. Sed mollis neque eget fringilla lacinia. Nullam massa nisl, mollis quis rutrum vehicula, dictum quis odio. Morbi bibendum hendrerit vestibulum. Pellentesque rhoncus eu lacus nec ornare."
  },
  {
    "id": 10,
    "title": ".NET Developer",
    "company": "Jairosoft Inc.",
    "location": "IT Park, Cebu Philippines",
    "employmentType": "Full Time",
    "minSalary": 30000,
    "maxSalary": 40000,
    "salaryType": "Monthly",
    "workLocation": "Remote",
    "industry": "Information Technology and Services",
    "appliedCount": 40,
    "jobDescription": "Lorem ipsum dolor sit amet, consectetur adipiscing elit. Duis in nibh pharetra sapien tristique scelerisque ut in sapien. Mauris fringilla augue in elit volutpat aliquet. Nam sit amet est in metus blandit auctor. Mauris cursus suscipit tempus. Morbi maximus tincidunt sagittis. Nam a nisl et elit vehicula rhoncus quis non nisl. Morbi hendrerit, tortor eget vulputate rhoncus, orci ante mollis purus, eu blandit nunc nisl vitae enim. Curabitur tincidunt sodales nunc, quis consequat lorem efficitur vel. Etiam et consequat nulla. Interdum et malesuada fames ac ante ipsum primis in faucibus. Maecenas vehicula nisi sed tortor bibendum ultrices. Phasellus congue condimentum leo vel fermentum. Etiam dignissim sapien vitae sodales maximus. Curabitur tempus condimentum ex, vitae pulvinar lacus aliquam in."
  },
  {
    "id": 11,
    "title": "Back End Developer",
    "company": "Jairosoft Inc.",
    "location": "IT Park, Cebu Philippines",
    "employmentType": "Full Time",
    "minSalary": 40000,
    "maxSalary": 45000,
    "salaryType": "Monthly",
    "workLocation": "Remote",
    "industry": "Information Technology and Services",
    "appliedCount": 30,
    "jobDescription": "Nulla ullamcorper massa eu aliquam consequat. Nullam vitae tellus et turpis pulvinar commodo. Donec vitae arcu a elit tincidunt varius. Sed a dictum augue. Ut erat massa, lacinia nec sem sit amet, molestie posuere est. Sed at lectus fermentum, dictum ex a, iaculis sem. Pellentesque suscipit lorem lectus, sed ornare lectus pellentesque ut. Fusce non mattis ante. Aliquam porttitor, metus quis tempus placerat, mi enim scelerisque justo, sit amet aliquam nibh odio at dui. Proin ac eros eu dui euismod vehicula et sed dolor. Lorem ipsum dolor sit amet, consectetur adipiscing elit. Aliquam iaculis neque eu ultrices rutrum. Maecenas volutpat aliquet neque a mollis. Suspendisse gravida et tellus vitae lacinia."
  },
  {
    "id": 12,
    "title": "CRM Developer",
    "company": "Jairosoft Inc.",
    "location": "IT Park, Cebu Philippines",
    "employmentType": "Full Time",
    "minSalary": 30000,
    "maxSalary": 40000,
    "salaryType": "Monthly",
    "workLocation": "Remote",
    "industry": "Information Technology and Services",
    "appliedCount": 20,
    "jobDescription": "Aliquam interdum justo ut bibendum pretium. Cras ultrices, ante et faucibus pharetra, eros erat semper erat, vitae pharetra dui sem ut urna. Sed nisi augue, varius eu placerat at, ultrices consectetur felis. Sed volutpat egestas nunc, sit amet condimentum ex tempor quis. Nulla mollis pulvinar dignissim. Vivamus vehicula purus sit amet dictum laoreet. Nulla a egestas elit. Nulla rhoncus mattis nulla, id tempor dui sagittis eu. Quisque et odio posuere magna gravida pretium. Nullam eget tristique massa. Nullam mollis, tortor a viverra malesuada, augue risus facilisis neque, rhoncus vehicula quam odio non ex. Donec consectetur est ornare erat venenatis tincidunt. Sed eu velit eu turpis placerat ultrices nec vitae nisl. Donec gravida laoreet urna vitae varius. Integer efficitur venenatis metus, et tempor augue."
  },
  {
    "id": 13,
    "title": "DevOps Engineer",
    "company": "Jairosoft Inc.",
    "location": "IT Park, Cebu Philippines",
    "employmentType": "Full Time",
    "minSalary": 40000,
    "maxSalary": 50000,
    "salaryType": "Monthly",
    "workLocation": "Remote",
    "industry": "Information Technology and Services",
    "appliedCount": 10,
    "jobDescription": "Proin euismod imperdiet aliquet. Curabitur vehicula tortor turpis, quis aliquet elit efficitur at. Donec feugiat et nunc eget vestibulum. Nullam et imperdiet felis. Morbi consectetur sem non elementum volutpat. Quisque condimentum volutpat ipsum, in congue lectus lobortis sit amet. Aliquam finibus rutrum sem volutpat malesuada. Class aptent taciti sociosqu ad litora torquent per conubia nostra, per inceptos himenaeos. Etiam suscipit efficitur nibh at dictum. Sed volutpat sed diam et luctus. Cras eu efficitur nibh. Lorem ipsum dolor sit amet, consectetur adipiscing elit. Aliquam erat volutpat. Donec non leo felis. Aenean consequat mauris molestie leo venenatis, id commodo ex ultrices. Aliquam facilisis lacus vitae turpis ultrices ultrices."
  },
  {
    "id": 14,
    "title": "Front End Developer",
    "company": "Jairosoft Inc.",
    "location": "IT Park, Cebu Philippines",
    "employmentType": "Full Time",
    "minSalary": 30000,
    "maxSalary": 40000,
    "salaryType": "Monthly",
    "workLocation": "Remote",
    "industry": "Information Technology and Services",
    "appliedCount": 20,
    "jobDescription": "Integer pharetra gravida auctor. Nam eros orci, semper eu sem consequat, finibus bibendum dolor. Vivamus molestie scelerisque varius. Quisque in leo vulputate, pretium quam sit amet, vehicula tellus. Aenean posuere lacus diam, quis condimentum enim tincidunt pellentesque. Praesent in aliquam diam. Etiam vel convallis risus. Sed mollis neque eget fringilla lacinia. Nullam massa nisl, mollis quis rutrum vehicula, dictum quis odio. Morbi bibendum hendrerit vestibulum. Pellentesque rhoncus eu lacus nec ornare."
  },
  {
    "id": 15,
    "title": "Full Stack Developer",
    "company": "Jairosoft Inc.",
    "location": "IT Park, Cebu Philippines",
    "employmentType": "Full Time",
    "minSalary": 50000,
    "maxSalary": 60000,
    "salaryType": "Monthly",
    "workLocation": "Remote",
    "industry": "Information Technology and Services",
    "appliedCount": 30,
    "jobDescription": "Integer pharetra gravida auctor. Nam eros orci, semper eu sem consequat, finibus bibendum dolor. Vivamus molestie scelerisque varius. Quisque in leo vulputate, pretium quam sit amet, vehicula tellus. Aenean posuere lacus diam, quis condimentum enim tincidunt pellentesque. Praesent in aliquam diam. Etiam vel convallis risus. Sed mollis neque eget fringilla lacinia. Nullam massa nisl, mollis quis rutrum vehicula, dictum quis odio. Morbi bibendum hendrerit vestibulum. Pellentesque rhoncus eu lacus nec ornare."
  },
  {
    "id": 16,
    "title": "Project Manager",
    "company": "Jairosoft Inc.",
    "location": "IT Park, Cebu Philippines",
    "employmentType": "Full Time",
    "minSalary": 50000,
    "maxSalary": 60000,
    "salaryType": "Monthly",
    "workLocation": "Remote",
    "industry": "Information Technology and Services",
    "appliedCount": 30,
    "jobDescription": "Integer pharetra gravida auctor. Nam eros orci, semper eu sem consequat, finibus bibendum dolor. Vivamus molestie scelerisque varius. Quisque in leo vulputate, pretium quam sit amet, vehicula tellus. Aenean posuere lacus diam, quis condimentum enim tincidunt pellentesque. Praesent in aliquam diam. Etiam vel convallis risus. Sed mollis neque eget fringilla lacinia. Nullam massa nisl, mollis quis rutrum vehicula, dictum quis odio. Morbi bibendum hendrerit vestibulum. Pellentesque rhoncus eu lacus nec ornare."
  },
  {
    "id": 17,
    "title": "Project Manager",
    "company": "Jairosoft Inc.",
    "location": "IT Park, Cebu Philippines",
    "employmentType": "Full Time",
    "minSalary": 50000,
    "maxSalary": 60000,
    "salaryType": "Monthly",
    "workLocation": "Remote",
    "industry": "Information Technology and Services",
    "appliedCount": 30,
    "jobDescription": "Integer pharetra gravida auctor. Nam eros orci, semper eu sem consequat, finibus bibendum dolor. Vivamus molestie scelerisque varius. Quisque in leo vulputate, pretium quam sit amet, vehicula tellus. Aenean posuere lacus diam, quis condimentum enim tincidunt pellentesque. Praesent in aliquam diam. Etiam vel convallis risus. Sed mollis neque eget fringilla lacinia. Nullam massa nisl, mollis quis rutrum vehicula, dictum quis odio. Morbi bibendum hendrerit vestibulum. Pellentesque rhoncus eu lacus nec ornare."
  },
  {
    "id": 18,
    "title": "UI/UX Designer",
    "company": "Jairosoft Inc.",
    "location": "IT Park, Cebu Philippines",
    "employmentType": "Full Time",
    "minSalary": 50000,
    "maxSalary": 60000,
    "salaryType": "Monthly",
    "workLocation": "Remote",
    "industry": "Information Technology and Services",
    "appliedCount": 30,
    "jobDescription": "Integer pharetra gravida auctor. Nam eros orci, semper eu sem consequat, finibus bibendum dolor. Vivamus molestie scelerisque varius. Quisque in leo vulputate, pretium quam sit amet, vehicula tellus. Aenean posuere lacus diam, quis condimentum enim tincidunt pellentesque. Praesent in aliquam diam. Etiam vel convallis risus. Sed mollis neque eget fringilla lacinia. Nullam massa nisl, mollis quis rutrum vehicula, dictum quis odio. Morbi bibendum hendrerit vestibulum. Pellentesque rhoncus eu lacus nec ornare."
  },
  {
    "id": 19,
    "title": ".NET Developer",
    "company": "Jairosoft Inc.",
    "location": "IT Park, Cebu Philippines",
    "employmentType": "Full Time",
    "minSalary": 30000,
    "maxSalary": 40000,
    "salaryType": "Monthly",
    "workLocation": "Remote",
    "industry": "Information Technology and Services",
    "appliedCount": 40,
    "jobDescription": "Lorem ipsum dolor sit amet, consectetur adipiscing elit. Duis in nibh pharetra sapien tristique scelerisque ut in sapien. Mauris fringilla augue in elit volutpat aliquet. Nam sit amet est in metus blandit auctor. Mauris cursus suscipit tempus. Morbi maximus tincidunt sagittis. Nam a nisl et elit vehicula rhoncus quis non nisl. Morbi hendrerit, tortor eget vulputate rhoncus, orci ante mollis purus, eu blandit nunc nisl vitae enim. Curabitur tincidunt sodales nunc, quis consequat lorem efficitur vel. Etiam et consequat nulla. Interdum et malesuada fames ac ante ipsum primis in faucibus. Maecenas vehicula nisi sed tortor bibendum ultrices. Phasellus congue condimentum leo vel fermentum. Etiam dignissim sapien vitae sodales maximus. Curabitur tempus condimentum ex, vitae pulvinar lacus aliquam in."
  },
  {
    "id": 20,
    "title": "Back End Developer",
    "company": "Jairosoft Inc.",
    "location": "IT Park, Cebu Philippines",
    "employmentType": "Full Time",
    "minSalary": 40000,
    "maxSalary": 45000,
    "salaryType": "Monthly",
    "workLocation": "Remote",
    "industry": "Information Technology and Services",
    "appliedCount": 30,
    "jobDescription": "Nulla ullamcorper massa eu aliquam consequat. Nullam vitae tellus et turpis pulvinar commodo. Donec vitae arcu a elit tincidunt varius. Sed a dictum augue. Ut erat massa, lacinia nec sem sit amet, molestie posuere est. Sed at lectus fermentum, dictum ex a, iaculis sem. Pellentesque suscipit lorem lectus, sed ornare lectus pellentesque ut. Fusce non mattis ante. Aliquam porttitor, metus quis tempus placerat, mi enim scelerisque justo, sit amet aliquam nibh odio at dui. Proin ac eros eu dui euismod vehicula et sed dolor. Lorem ipsum dolor sit amet, consectetur adipiscing elit. Aliquam iaculis neque eu ultrices rutrum. Maecenas volutpat aliquet neque a mollis. Suspendisse gravida et tellus vitae lacinia."
  },
  {
    "id": 21,
    "title": "CRM Developer",
    "company": "Jairosoft Inc.",
    "location": "IT Park, Cebu Philippines",
    "employmentType": "Full Time",
    "minSalary": 30000,
    "maxSalary": 40000,
    "salaryType": "Monthly",
    "workLocation": "Remote",
    "industry": "Information Technology and Services",
    "appliedCount": 20,
    "jobDescription": "Aliquam interdum justo ut bibendum pretium. Cras ultrices, ante et faucibus pharetra, eros erat semper erat, vitae pharetra dui sem ut urna. Sed nisi augue, varius eu placerat at, ultrices consectetur felis. Sed volutpat egestas nunc, sit amet condimentum ex tempor quis. Nulla mollis pulvinar dignissim. Vivamus vehicula purus sit amet dictum laoreet. Nulla a egestas elit. Nulla rhoncus mattis nulla, id tempor dui sagittis eu. Quisque et odio posuere magna gravida pretium. Nullam eget tristique massa. Nullam mollis, tortor a viverra malesuada, augue risus facilisis neque, rhoncus vehicula quam odio non ex. Donec consectetur est ornare erat venenatis tincidunt. Sed eu velit eu turpis placerat ultrices nec vitae nisl. Donec gravida laoreet urna vitae varius. Integer efficitur venenatis metus, et tempor augue."
  },
  {
    "id": 22,
    "title": "DevOps Engineer",
    "company": "Jairosoft Inc.",
    "location": "IT Park, Cebu Philippines",
    "employmentType": "Full Time",
    "minSalary": 40000,
    "maxSalary": 50000,
    "salaryType": "Monthly",
    "workLocation": "Remote",
    "industry": "Information Technology and Services",
    "appliedCount": 10,
    "jobDescription": "Proin euismod imperdiet aliquet. Curabitur vehicula tortor turpis, quis aliquet elit efficitur at. Donec feugiat et nunc eget vestibulum. Nullam et imperdiet felis. Morbi consectetur sem non elementum volutpat. Quisque condimentum volutpat ipsum, in congue lectus lobortis sit amet. Aliquam finibus rutrum sem volutpat malesuada. Class aptent taciti sociosqu ad litora torquent per conubia nostra, per inceptos himenaeos. Etiam suscipit efficitur nibh at dictum. Sed volutpat sed diam et luctus. Cras eu efficitur nibh. Lorem ipsum dolor sit amet, consectetur adipiscing elit. Aliquam erat volutpat. Donec non leo felis. Aenean consequat mauris molestie leo venenatis, id commodo ex ultrices. Aliquam facilisis lacus vitae turpis ultrices ultrices."
  },
  {
    "id": 23,
    "title": "Front End Developer",
    "company": "Jairosoft Inc.",
    "location": "IT Park, Cebu Philippines",
    "employmentType": "Full Time",
    "minSalary": 30000,
    "maxSalary": 40000,
    "salaryType": "Monthly",
    "workLocation": "Remote",
    "industry": "Information Technology and Services",
    "appliedCount": 20,
    "jobDescription": "Integer pharetra gravida auctor. Nam eros orci, semper eu sem consequat, finibus bibendum dolor. Vivamus molestie scelerisque varius. Quisque in leo vulputate, pretium quam sit amet, vehicula tellus. Aenean posuere lacus diam, quis condimentum enim tincidunt pellentesque. Praesent in aliquam diam. Etiam vel convallis risus. Sed mollis neque eget fringilla lacinia. Nullam massa nisl, mollis quis rutrum vehicula, dictum quis odio. Morbi bibendum hendrerit vestibulum. Pellentesque rhoncus eu lacus nec ornare."
  },
  {
    "id": 24,
    "title": "Full Stack Developer",
    "company": "Jairosoft Inc.",
    "location": "IT Park, Cebu Philippines",
    "employmentType": "Full Time",
    "minSalary": 50000,
    "maxSalary": 60000,
    "salaryType": "Monthly",
    "workLocation": "Remote",
    "industry": "Information Technology and Services",
    "appliedCount": 30,
    "jobDescription": "Integer pharetra gravida auctor. Nam eros orci, semper eu sem consequat, finibus bibendum dolor. Vivamus molestie scelerisque varius. Quisque in leo vulputate, pretium quam sit amet, vehicula tellus. Aenean posuere lacus diam, quis condimentum enim tincidunt pellentesque. Praesent in aliquam diam. Etiam vel convallis risus. Sed mollis neque eget fringilla lacinia. Nullam massa nisl, mollis quis rutrum vehicula, dictum quis odio. Morbi bibendum hendrerit vestibulum. Pellentesque rhoncus eu lacus nec ornare."
  },
  {
    "id": 25,
    "title": "Project Manager",
    "company": "Jairosoft Inc.",
    "location": "IT Park, Cebu Philippines",
    "employmentType": "Full Time",
    "minSalary": 50000,
    "maxSalary": 60000,
    "salaryType": "Monthly",
    "workLocation": "Remote",
    "industry": "Information Technology and Services",
    "appliedCount": 30,
    "jobDescription": "Integer pharetra gravida auctor. Nam eros orci, semper eu sem consequat, finibus bibendum dolor. Vivamus molestie scelerisque varius. Quisque in leo vulputate, pretium quam sit amet, vehicula tellus. Aenean posuere lacus diam, quis condimentum enim tincidunt pellentesque. Praesent in aliquam diam. Etiam vel convallis risus. Sed mollis neque eget fringilla lacinia. Nullam massa nisl, mollis quis rutrum vehicula, dictum quis odio. Morbi bibendum hendrerit vestibulum. Pellentesque rhoncus eu lacus nec ornare."
  },
  {
    "id": 26,
    "title": "Project Manager",
    "company": "Jairosoft Inc.",
    "location": "IT Park, Cebu Philippines",
    "employmentType": "Full Time",
    "minSalary": 50000,
    "maxSalary": 60000,
    "salaryType": "Monthly",
    "workLocation": "Remote",
    "industry": "Information Technology and Services",
    "appliedCount": 30,
    "jobDescription": "Integer pharetra gravida auctor. Nam eros orci, semper eu sem consequat, finibus bibendum dolor. Vivamus molestie scelerisque varius. Quisque in leo vulputate, pretium quam sit amet, vehicula tellus. Aenean posuere lacus diam, quis condimentum enim tincidunt pellentesque. Praesent in aliquam diam. Etiam vel convallis risus. Sed mollis neque eget fringilla lacinia. Nullam massa nisl, mollis quis rutrum vehicula, dictum quis odio. Morbi bibendum hendrerit vestibulum. Pellentesque rhoncus eu lacus nec ornare."
  },
  {
    "id": 27,
    "title": "UI/UX Designer",
    "company": "Jairosoft Inc.",
    "location": "IT Park, Cebu Philippines",
    "employmentType": "Full Time",
    "minSalary": 50000,
    "maxSalary": 60000,
    "salaryType": "Monthly",
    "workLocation": "Remote",
    "industry": "Information Technology and Services",
    "appliedCount": 30,
    "jobDescription": "Integer pharetra gravida auctor. Nam eros orci, semper eu sem consequat, finibus bibendum dolor. Vivamus molestie scelerisque varius. Quisque in leo vulputate, pretium quam sit amet, vehicula tellus. Aenean posuere lacus diam, quis condimentum enim tincidunt pellentesque. Praesent in aliquam diam. Etiam vel convallis risus. Sed mollis neque eget fringilla lacinia. Nullam massa nisl, mollis quis rutrum vehicula, dictum quis odio. Morbi bibendum hendrerit vestibulum. Pellentesque rhoncus eu lacus nec ornare."
  },
  {
    "id": 28,
    "title": "Back End Developer",
    "company": "Jairosoft Inc.",
    "location": "IT Park, Cebu Philippines",
    "employmentType": "Full Time",
    "minSalary": 40000,
    "maxSalary": 45000,
    "salaryType": "Monthly",
    "workLocation": "Remote",
    "industry": "Information Technology and Services",
    "appliedCount": 30,
    "jobDescription": "Nulla ullamcorper massa eu aliquam consequat. Nullam vitae tellus et turpis pulvinar commodo. Donec vitae arcu a elit tincidunt varius. Sed a dictum augue. Ut erat massa, lacinia nec sem sit amet, molestie posuere est. Sed at lectus fermentum, dictum ex a, iaculis sem. Pellentesque suscipit lorem lectus, sed ornare lectus pellentesque ut. Fusce non mattis ante. Aliquam porttitor, metus quis tempus placerat, mi enim scelerisque justo, sit amet aliquam nibh odio at dui. Proin ac eros eu dui euismod vehicula et sed dolor. Lorem ipsum dolor sit amet, consectetur adipiscing elit. Aliquam iaculis neque eu ultrices rutrum. Maecenas volutpat aliquet neque a mollis. Suspendisse gravida et tellus vitae lacinia."
  },
  {
    "id": 29,
    "title": "CRM Developer",
    "company": "Jairosoft Inc.",
    "location": "IT Park, Cebu Philippines",
    "employmentType": "Full Time",
    "minSalary": 30000,
    "maxSalary": 40000,
    "salaryType": "Monthly",
    "workLocation": "Remote",
    "industry": "Information Technology and Services",
    "appliedCount": 20,
    "jobDescription": "Aliquam interdum justo ut bibendum pretium. Cras ultrices, ante et faucibus pharetra, eros erat semper erat, vitae pharetra dui sem ut urna. Sed nisi augue, varius eu placerat at, ultrices consectetur felis. Sed volutpat egestas nunc, sit amet condimentum ex tempor quis. Nulla mollis pulvinar dignissim. Vivamus vehicula purus sit amet dictum laoreet. Nulla a egestas elit. Nulla rhoncus mattis nulla, id tempor dui sagittis eu. Quisque et odio posuere magna gravida pretium. Nullam eget tristique massa. Nullam mollis, tortor a viverra malesuada, augue risus facilisis neque, rhoncus vehicula quam odio non ex. Donec consectetur est ornare erat venenatis tincidunt. Sed eu velit eu turpis placerat ultrices nec vitae nisl. Donec gravida laoreet urna vitae varius. Integer efficitur venenatis metus, et tempor augue."
  },
  {
    "id": 30,
    "title": "DevOps Engineer",
    "company": "Jairosoft Inc.",
    "location": "IT Park, Cebu Philippines",
    "employmentType": "Full Time",
    "minSalary": 40000,
    "maxSalary": 50000,
    "salaryType": "Monthly",
    "workLocation": "Remote",
    "industry": "Information Technology and Services",
    "appliedCount": 10,
    "jobDescription": "Proin euismod imperdiet aliquet. Curabitur vehicula tortor turpis, quis aliquet elit efficitur at. Donec feugiat et nunc eget vestibulum. Nullam et imperdiet felis. Morbi consectetur sem non elementum volutpat. Quisque condimentum volutpat ipsum, in congue lectus lobortis sit amet. Aliquam finibus rutrum sem volutpat malesuada. Class aptent taciti sociosqu ad litora torquent per conubia nostra, per inceptos himenaeos. Etiam suscipit efficitur nibh at dictum. Sed volutpat sed diam et luctus. Cras eu efficitur nibh. Lorem ipsum dolor sit amet, consectetur adipiscing elit. Aliquam erat volutpat. Donec non leo felis. Aenean consequat mauris molestie leo venenatis, id commodo ex ultrices. Aliquam facilisis lacus vitae turpis ultrices ultrices."
  }
]
