[
  {
    "id": 1,
    "title": "Software Engineer - Information Technology/Computer Science",
    "company": "Jairosoft Inc.",
    "location": "IT Park, Cebu Philippines",
    "workType": "Full Time",
    "minSalary": 30000,
    "maxSalary": 50000,
    "salaryType": "Monthly",
    "workLocation": "Remote"
  },
  {
    "id": 2,
    "title": "Software Engineer - Information Technology/Computer Science",
    "company": "Jairosoft Inc.",
    "location": "IT Park, Cebu Philippines",
    "workType": "Full Time",
    "minSalary": 30000,
    "maxSalary": 50000,
    "salaryType": "Monthly",
    "workLocation": "Remote"
  },
  {
    "id": 3,
    "title": "Software Engineer - Information Technology/Computer Science",
    "company": "Jairosoft Inc.",
    "location": "IT Park, Cebu Philippines",
    "workType": "Full Time",
    "minSalary": 30000,
    "maxSalary": 50000,
    "salaryType": "Monthly",
    "workLocation": "Remote"
  },
  {
    "id": 4,
    "title": "Software Engineer - Information Technology/Computer Science",
    "company": "Jairosoft Inc.",
    "location": "IT Park, Cebu Philippines",
    "workType": "Full Time",
    "minSalary": 30000,
    "maxSalary": 50000,
    "salaryType": "Monthly",
    "workLocation": "Remote"
  },
  {
    "id": 5,
    "title": "Software Engineer - Information Technology/Computer Science",
    "company": "Jairosoft Inc.",
    "location": "IT Park, Cebu Philippines",
    "workType": "Full Time",
    "minSalary": 30000,
    "maxSalary": 50000,
    "salaryType": "Monthly",
    "workLocation": "Remote"
  }
]
